GorGor__TSPY_isoform_27__T__5_reads_unrelaxed_rank_001_alphafold2_ptm_model_3_seed_000	GorGor__TSPY_isoform_27__T__5_reads_unrelaxed_rank_001_alphafold2_ptm_model_3_seed_000
GorGor__TSPY_isoform_27__T__5_reads_unrelaxed_rank_001_alphafold2_ptm_model_3_seed_000	GorGor__TSPY_isoform_12__.__22_reads_unrelaxed_rank_001_alphafold2_ptm_model_1_seed_000
GorGor__TSPY_isoform_27__T__5_reads_unrelaxed_rank_001_alphafold2_ptm_model_3_seed_000	PanTro__TSPY_isoform_32__AGCCAGC__14_reads_unrelaxed_rank_001_alphafold2_ptm_model_1_seed_000
PonAbe__TSPY_isoform_32__GAAGT__11_reads_unrelaxed_rank_001_alphafold2_ptm_model_1_seed_000	PonAbe__TSPY_isoform_32__GAAGT__11_reads_unrelaxed_rank_001_alphafold2_ptm_model_1_seed_000
PonAbe__TSPY_isoform_32__GAAGT__11_reads_unrelaxed_rank_001_alphafold2_ptm_model_1_seed_000	PanPan__TSPY_isoform_32__GGTTCGATAGCCT__42_reads_unrelaxed_rank_001_alphafold2_ptm_model_1_seed_000
PonAbe__TSPY_isoform_32__GAAGT__11_reads_unrelaxed_rank_001_alphafold2_ptm_model_1_seed_000	PonAbe__TSPY_isoform_32__GACAT__8_reads_unrelaxed_rank_001_alphafold2_ptm_model_1_seed_000
PonAbe__TSPY_isoform_32__GAAGT__11_reads_unrelaxed_rank_001_alphafold2_ptm_model_1_seed_000	PonAbe__TSPY_isoform_32__GACGC__37_reads_unrelaxed_rank_001_alphafold2_ptm_model_1_seed_000
PonAbe__TSPY_isoform_32__GAAGT__11_reads_unrelaxed_rank_001_alphafold2_ptm_model_1_seed_000	PonAbe__TSPY_isoform_32__GACGT__28_reads_unrelaxed_rank_001_alphafold2_ptm_model_1_seed_000
PonAbe__TSPY_isoform_32__GAAGT__11_reads_unrelaxed_rank_001_alphafold2_ptm_model_1_seed_000	PonAbe__TSPY_isoform_32__GCCAT__19_reads_unrelaxed_rank_001_alphafold2_ptm_model_1_seed_000
PonAbe__TSPY_isoform_32__GAAGT__11_reads_unrelaxed_rank_001_alphafold2_ptm_model_1_seed_000	PonPyg__TSPY_isoform_32__GGGT__137_reads_unrelaxed_rank_001_alphafold2_ptm_model_1_seed_000
PonAbe__TSPY_isoform_32__GAAGT__11_reads_unrelaxed_rank_001_alphafold2_ptm_model_1_seed_000	HomSap__TSPY_isoform_32__CTA-TGACCCCC__36_reads_unrelaxed_rank_001_alphafold2_ptm_model_1_seed_000
PonAbe__TSPY_isoform_32__GAAGT__11_reads_unrelaxed_rank_001_alphafold2_ptm_model_1_seed_000	HomSap__TSPY_isoform_32__CCG-TCAGCCCC__11_reads_unrelaxed_rank_001_alphafold2_ptm_model_5_seed_000
PonAbe__TSPY_isoform_32__GAAGT__11_reads_unrelaxed_rank_001_alphafold2_ptm_model_1_seed_000	HomSap__TSPY_isoform_32__CTA-CCACCCCC__8_reads_unrelaxed_rank_001_alphafold2_ptm_model_1_seed_000
PonAbe__TSPY_isoform_32__GAAGT__11_reads_unrelaxed_rank_001_alphafold2_ptm_model_1_seed_000	HomSap__TSPY_isoform_32__CTA-TCAGCCCC__14_reads_unrelaxed_rank_001_alphafold2_ptm_model_1_seed_000
PonAbe__TSPY_isoform_32__GAAGT__11_reads_unrelaxed_rank_001_alphafold2_ptm_model_1_seed_000	HomSap__TSPY_isoform_32__CTAITGACCCCC__9_reads_unrelaxed_rank_001_alphafold2_ptm_model_1_seed_000
PonAbe__TSPY_isoform_32__GAAGT__11_reads_unrelaxed_rank_001_alphafold2_ptm_model_1_seed_000	HomSap__TSPY_isoform_32__CTG-TCACCCCC__41_reads_unrelaxed_rank_001_alphafold2_ptm_model_1_seed_000
PonAbe__TSPY_isoform_32__GAAGT__11_reads_unrelaxed_rank_001_alphafold2_ptm_model_1_seed_000	HomSap__TSPY_isoform_32__CTG-TCACCCCT__6_reads_unrelaxed_rank_001_alphafold2_ptm_model_1_seed_000
PonAbe__TSPY_isoform_32__GAAGT__11_reads_unrelaxed_rank_001_alphafold2_ptm_model_1_seed_000	PonPyg__TSPY_isoform_32__GGAT__38_reads_unrelaxed_rank_001_alphafold2_ptm_model_1_seed_000
PonAbe__TSPY_isoform_32__GAAGT__11_reads_unrelaxed_rank_001_alphafold2_ptm_model_1_seed_000	HomSap__TSPY_isoform_40__CTG-TCACCCCC__7_reads_unrelaxed_rank_001_alphafold2_ptm_model_5_seed_000
PonAbe__TSPY_isoform_32__GAAGT__11_reads_unrelaxed_rank_001_alphafold2_ptm_model_1_seed_000	PanPan__TSPY_isoform_32__GGTTCGAGAGCCT__501_reads_unrelaxed_rank_001_alphafold2_ptm_model_4_seed_000
PonAbe__TSPY_isoform_32__GAAGT__11_reads_unrelaxed_rank_001_alphafold2_ptm_model_1_seed_000	GorGor__TSPY_isoform_32__T__207_reads_unrelaxed_rank_001_alphafold2_ptm_model_4_seed_000
PonAbe__TSPY_isoform_32__GAAGT__11_reads_unrelaxed_rank_001_alphafold2_ptm_model_1_seed_000	HomSap__TSPY_isoform_32__CTAITGGCCCCC__6_reads_unrelaxed_rank_001_alphafold2_ptm_model_1_seed_000
PonAbe__TSPY_isoform_32__GAAGT__11_reads_unrelaxed_rank_001_alphafold2_ptm_model_1_seed_000	PanPan__TSPY_isoform_32__GGCTCGAGGGCCT__87_reads_unrelaxed_rank_001_alphafold2_ptm_model_4_seed_000
PonAbe__TSPY_isoform_32__GAAGT__11_reads_unrelaxed_rank_001_alphafold2_ptm_model_1_seed_000	PanPan__TSPY_isoform_32__GGTTCGAGGGCCT__368_reads_unrelaxed_rank_001_alphafold2_ptm_model_4_seed_000
PonAbe__TSPY_isoform_32__GAAGT__11_reads_unrelaxed_rank_001_alphafold2_ptm_model_1_seed_000	PanPan__TSPY_isoform_32__GGTTCGATGGCCT__55_reads_unrelaxed_rank_001_alphafold2_ptm_model_4_seed_000
PonAbe__TSPY_isoform_32__GAAGT__11_reads_unrelaxed_rank_001_alphafold2_ptm_model_1_seed_000	PanTro__TSPY_isoform_32__AGACAGC__22_reads_unrelaxed_rank_001_alphafold2_ptm_model_4_seed_000
PonAbe__TSPY_isoform_32__GAAGT__11_reads_unrelaxed_rank_001_alphafold2_ptm_model_1_seed_000	PanTro__TSPY_isoform_32__AGACAGG__14_reads_unrelaxed_rank_001_alphafold2_ptm_model_3_seed_000
PonAbe__TSPY_isoform_32__GAAGT__11_reads_unrelaxed_rank_001_alphafold2_ptm_model_1_seed_000	PanTro__TSPY_isoform_32__AGCCAGG__105_reads_unrelaxed_rank_001_alphafold2_ptm_model_4_seed_000
PonAbe__TSPY_isoform_32__GAAGT__11_reads_unrelaxed_rank_001_alphafold2_ptm_model_1_seed_000	PanTro__TSPY_isoform_32__ATCCAGG__162_reads_unrelaxed_rank_001_alphafold2_ptm_model_4_seed_000
PonAbe__TSPY_isoform_32__GAAGT__11_reads_unrelaxed_rank_001_alphafold2_ptm_model_1_seed_000	HomSap__TSPY_isoform_36__CTG-TCACCCCC__6_reads_unrelaxed_rank_001_alphafold2_ptm_model_3_seed_000
PonAbe__TSPY_isoform_37__GAAGT__7_reads_unrelaxed_rank_001_alphafold2_ptm_model_4_seed_000	PonAbe__TSPY_isoform_37__GAAGT__7_reads_unrelaxed_rank_001_alphafold2_ptm_model_4_seed_000
PonAbe__TSPY_isoform_37__GAAGT__7_reads_unrelaxed_rank_001_alphafold2_ptm_model_4_seed_000	PonAbe__TSPY_isoform_37__GACGC__24_reads_unrelaxed_rank_001_alphafold2_ptm_model_4_seed_000
PonAbe__TSPY_isoform_37__GAAGT__7_reads_unrelaxed_rank_001_alphafold2_ptm_model_4_seed_000	PonAbe__TSPY_isoform_37__GCCAT__7_reads_unrelaxed_rank_001_alphafold2_ptm_model_4_seed_000
PonPyg__TSPY_isoform_28__GAGT__18_reads_modRF_unrelaxed_rank_001_alphafold2_ptm_model_4_seed_000	PonPyg__TSPY_isoform_28__GAGT__18_reads_modRF_unrelaxed_rank_001_alphafold2_ptm_model_4_seed_000
