GorGor__TSPY_isoform_12__.__22_reads	GorGor__TSPY_isoform_25__.__11_reads
GorGor__TSPY_isoform_32__T__207_reads	
GorGor__TSPY_isoform_27__T__5_reads	
HomSap__TSPY_isoform_40__CTG-TCACCCCC__7_reads	HomSap__TSPY_isoform_40__CTA-TCACCCCC__6_reads
HomSap__TSPY_isoform_32__CTA-TCAGCCCC__14_reads	
HomSap__TSPY_isoform_32__CTA-TGACCCCC__36_reads	
HomSap__TSPY_isoform_32__CTAITGACCCCC__9_reads	
HomSap__TSPY_isoform_32__CTA-CCACCCCC__8_reads	HomSap__TSPY_isoform_32__CTG-CCACCCCC__15_reads
HomSap__TSPY_isoform_32__CTG-TCACCCCC__41_reads	HomSap__TSPY_isoform_32__CTA-TCACCCCC__29_reads
HomSap__TSPY_isoform_36__CTG-TCACCCCC__6_reads	
HomSap__TSPY_isoform_32__CCG-TCAGCCCC__11_reads	
HomSap__TSPY_isoform_32__CTAITGGCCCCC__6_reads	
HomSap__TSPY_isoform_32__CTG-TCACCCCT__6_reads	
PanPan__TSPY_isoform_32__GGTTCGAGAGCCT__501_reads	
PanPan__TSPY_isoform_32__GGTTCGAGGGCCT__368_reads	
PanPan__TSPY_isoform_32__GGCTCGAGGGCCT__87_reads	
PanPan__TSPY_isoform_32__GGTTCGATGGCCT__55_reads	
PanPan__TSPY_isoform_32__GGTTCGATAGCCT__42_reads	
PanTro__TSPY_isoform_32__AGCCAGG__105_reads	
PanTro__TSPY_isoform_32__AGACAGG__14_reads	
PanTro__TSPY_isoform_32__ATCCAGG__162_reads	PanTro__TSPY_isoform_32__ATCTAGG__9_reads
PanTro__TSPY_isoform_32__AGACAGC__22_reads	
PanTro__TSPY_isoform_32__AGCCAGC__14_reads	
PonAbe__TSPY_isoform_37__GAAGT__7_reads	
PonAbe__TSPY_isoform_37__GACGC__24_reads	PonAbe__TSPY_isoform_37__GACGT__13_reads|PonPyg__TSPY_isoform_37__GAGT__55_reads
PonAbe__TSPY_isoform_32__GACGC__37_reads	PonAbe__TSPY_isoform_32__GACAC__11_reads
PonAbe__TSPY_isoform_32__GAAGT__11_reads	
PonAbe__TSPY_isoform_32__GACGT__28_reads	PonPyg__TSPY_isoform_32__GAGT__438_reads
PonAbe__TSPY_isoform_32__GCCAT__19_reads	
PonAbe__TSPY_isoform_32__GACAT__8_reads	
PonAbe__TSPY_isoform_37__GCCAT__7_reads	
PonPyg__TSPY_isoform_32__GGAT__38_reads	
PonPyg__TSPY_isoform_32__GGGT__137_reads	PonPyg__TSPY_isoform_32__AGGT__26_reads
PonPyg__TSPY_isoform_28__GAGT__18_reads_modRF	
