GorGor__RBMY_isoform_44__GGCTGAGATTTATCGGCAGTAGCACCAAGTGAGATATCCAACATTAGCGTCCCAGTCTGAACGCTCACGCG__7_reads	
GorGor__RBMY_isoform_35__GGCTGAACTATGTCGGCAGTAGCACCGAGCGAGTGATCCGATGTTAGCGTCCCAGTCTGAACGCTCACGCG__6_reads	
GorGor__RBMY_isoform_35__GGCTGAACTATGTCAGCAGTAGCACCGAGCGAGTGGTCCGATATTAGCGTCCCAGTCTGAACGCTCACGCG__14_reads	
GorGor__RBMY_isoform_35__GGCTGAACTATGTCGGCAGTAACACCAAGCGAGAGGTCCGATATTAGCGTCCCAGTCTGAACGCTCACGCG__6_reads	
GorGor__RBMY_isoform_46__GGGTAAAATATGTCAGCAGTAGCATCAAGCGAGAGATCCAATATTAGCGTCCCAGTCCGAGCGCTCACACG__8_reads	
GorGor__RBMY_isoform_35__GGGTAAAATATGTCAGCAGTAGCATCAAGCGAGAGATCCAATATTAGCGTCCCAGTCCGAGCGCTCACACG__6_reads	
GorGor__RBMY_isoform_35__GGCTGAACTATGTCGGCAGTAGCACCGAGCGAGTGGTCCGATATTAGCGTCCCAGCCTGAACGCTCACGCG__9_reads	GorGor__RBMY_isoform_9__GGCTGAACTATGTCGGCAGTAGCACCGAGCGAGTGGTCCGATATTAGCGTCCCAGCCTGAACGCTCACGCG__5_reads
GorGor__RBMY_isoform_35__GGCTGAACTATGTCGGCAGTAGCACCGAGCGAGTGATCCGATATTAGCGTCCCAGCCTGAACGCTCACGCG__7_reads	
HomSap__RBMY_isoform_10__CACCCTGGCACATG__63_reads	
HomSap__RBMY_isoform_10__GCCACTGGCACATA__58_reads	
HomSap__RBMY_isoform_10__CACCCAGGCACATG__26_reads	
HomSap__RBMY_isoform_20__CACCCAGGCACAGG__16_reads	
HomSap__RBMY_isoform_10__CACCCAGGCACAGG__20_reads	
HomSap__RBMY_isoform_20__CACCCAGGCACATG__11_reads	
HomSap__RBMY_isoform_10__CACCCTGGCACATA__46_reads	
HomSap__RBMY_isoform_20__CACCCTGGCACATG__25_reads	
PanPan__RBMY_isoform_35__AGCCCTGGG__81_reads	PanPan__RBMY_isoform_9__AGCCCTGGG__28_reads
PanPan__RBMY_isoform_44__AGCCCTGGG__25_reads	
PanPan__RBMY_isoform_35__CGCCCTAGG__36_reads	PanPan__RBMY_isoform_9__CGCCCTAGG__18_reads
PanPan__RBMY_isoform_35__CGCCCTGGG__15_reads	
PanPan__RBMY_isoform_14__CTCTCTGGG__107_reads	PanPan__RBMY_isoform_20__CTCTCTGGG__24_reads
PanPan__RBMY_isoform_14__CTCTCTGAG__30_reads	
PanPan__RBMY_isoform_14__CTCCCTGGG__17_reads	
PanPan__RBMY_isoform_14__ATCTCTGGG__60_reads	
PanPan__RBMY_isoform_20__ATCTCTGGG__20_reads	
PanPan__RBMY_isoform_14__CGCCCTGGG__24_reads	
PanPan__RBMY_isoform_35__CTCTCTAGG__14_reads	
PanTro__RBMY_isoform_29__CGAGACATTACGCGGTAGGGG__9_reads	
PanTro__RBMY_isoform_29__TGGGGCACTAAGAAGTAGGTG__11_reads	
PanTro__RBMY_isoform_29__TGAAGCACTAAGAGATAGGTG__15_reads	
PanTro__RBMY_isoform_14__CGAGACATTACGCGGTAGGGG__16_reads	PanTro__RBMY_isoform_20__CGAGACATTACGCGGTAGGGG__8_reads
PanTro__RBMY_isoform_14__TGAAGCACTAAGAAGTAGGTG__63_reads	PanTro__RBMY_isoform_20__TGAAGCACTAAGAAGTAGGTG__17_reads
PanTro__RBMY_isoform_14__TGGGGCACTAAGAAGTAGGTG__15_reads	
PanTro__RBMY_isoform_14__TTGGGCACTAAGAGATAGGTG__16_reads	
PanTro__RBMY_isoform_29__TTGGGCACTAAGAGATAGGTG__21_reads	
PanTro__RBMY_isoform_14__TGAAGCACTAAGAGATAGGTG__9_reads	
PonPyg__RBMY_isoform_5__C__9_reads	
PonPyg__RBMY_isoform_38__C__32_reads	
PonPyg__RBMY_isoform_36__C__23_reads	
