GorGor__CDY_isoform_2__CCGAAGAC....__7_reads_unrelaxed_rank_001_alphafold2_ptm_model_4_seed_000	GorGor__CDY_isoform_2__CCGAAGAC....__7_reads_unrelaxed_rank_001_alphafold2_ptm_model_4_seed_000
HomSap__CDY_isoform_2__GCTCGAAGAAAGA.__15_reads_unrelaxed_rank_001_alphafold2_ptm_model_1_seed_000	HomSap__CDY_isoform_2__GCTCGAAGAAAGA.__15_reads_unrelaxed_rank_001_alphafold2_ptm_model_1_seed_000
HomSap__CDY_isoform_2__TTCC..........__18_reads_unrelaxed_rank_001_alphafold2_ptm_model_4_seed_000	HomSap__CDY_isoform_2__TTCC..........__18_reads_unrelaxed_rank_001_alphafold2_ptm_model_4_seed_000
PonAbe__CDY_isoform_1__TCCCGCTCGTGTCGGCCCGAGGGCTCCATAAGGCACGTGAGTCGTAACAGACGATACGGCGCGGGCAGAGCCGGTTCGATTTGAGGGCGTTATACTGGCGCAGTACGGCCCCATAG__34_reads_unrelaxed_rank_001_alphafold2_ptm_model_1_seed_000	PonAbe__CDY_isoform_1__TCCCGCTCGTGTCGGCCCGAGGGCTCCATAAGGCACGTGAGTCGTAACAGACGATACGGCGCGGGCAGAGCCGGTTCGATTTGAGGGCGTTATACTGGCGCAGTACGGCCCCATAG__34_reads_unrelaxed_rank_001_alphafold2_ptm_model_1_seed_000
PonAbe__CDY_isoform_1__TCCCGCTCGTGTCGGCCCGAGGGCTCCATAAGGCACGTGAGTCGTAACAGACGATACGGCGCGGGCAGAGCCGGTTCGATTTGAGGGCGTTATACTGGCGCAGTACGGCCCCATAG__34_reads_unrelaxed_rank_001_alphafold2_ptm_model_1_seed_000	GorGor__CDY_isoform_2__CCGAAGACCGTA__53_reads_unrelaxed_rank_001_alphafold2_ptm_model_1_seed_000
PonAbe__CDY_isoform_1__TCCCGCTCGTGTCGGCCCGAGGGCTCCATAAGGCACGTGAGTCGTAACAGACGATACGGCGCGGGCAGAGCCGGTTCGATTTGAGGGCGTTATACTGGCGCAGTACGGCCCCATAG__34_reads_unrelaxed_rank_001_alphafold2_ptm_model_1_seed_000	GorGor__CDY_isoform_2__CCGAGGACCGTG__50_reads_unrelaxed_rank_001_alphafold2_ptm_model_1_seed_000
PonAbe__CDY_isoform_1__TCCCGCTCGTGTCGGCCCGAGGGCTCCATAAGGCACGTGAGTCGTAACAGACGATACGGCGCGGGCAGAGCCGGTTCGATTTGAGGGCGTTATACTGGCGCAGTACGGCCCCATAG__34_reads_unrelaxed_rank_001_alphafold2_ptm_model_1_seed_000	GorGor__CDY_isoform_2__CTGAGGACCGTG__6_reads_unrelaxed_rank_001_alphafold2_ptm_model_1_seed_000
PonAbe__CDY_isoform_1__TCCCGCTCGTGTCGGCCCGAGGGCTCCATAAGGCACGTGAGTCGTAACAGACGATACGGCGCGGGCAGAGCCGGTTCGATTTGAGGGCGTTATACTGGCGCAGTACGGCCCCATAG__34_reads_unrelaxed_rank_001_alphafold2_ptm_model_1_seed_000	GorGor__CDY_isoform_2__CTGAGGGCTATG__46_reads_unrelaxed_rank_001_alphafold2_ptm_model_1_seed_000
PonAbe__CDY_isoform_1__TCCCGCTCGTGTCGGCCCGAGGGCTCCATAAGGCACGTGAGTCGTAACAGACGATACGGCGCGGGCAGAGCCGGTTCGATTTGAGGGCGTTATACTGGCGCAGTACGGCCCCATAG__34_reads_unrelaxed_rank_001_alphafold2_ptm_model_1_seed_000	GorGor__CDY_isoform_2__TCTGGAGTCGTG__72_reads_unrelaxed_rank_001_alphafold2_ptm_model_1_seed_000
PonAbe__CDY_isoform_1__TCCCGCTCGTGTCGGCCCGAGGGCTCCATAAGGCACGTGAGTCGTAACAGACGATACGGCGCGGGCAGAGCCGGTTCGATTTGAGGGCGTTATACTGGCGCAGTACGGCCCCATAG__34_reads_unrelaxed_rank_001_alphafold2_ptm_model_1_seed_000	HomSap__CDY_isoform_2__GCTCGAAGAAAGAC__376_reads_unrelaxed_rank_001_alphafold2_ptm_model_1_seed_000
PonAbe__CDY_isoform_1__TCCCGCTCGTGTCGGCCCGAGGGCTCCATAAGGCACGTGAGTCGTAACAGACGATACGGCGCGGGCAGAGCCGGTTCGATTTGAGGGCGTTATACTGGCGCAGTACGGCCCCATAG__34_reads_unrelaxed_rank_001_alphafold2_ptm_model_1_seed_000	HomSap__CDY_isoform_2__TTCCAGGTGGGCCG__145_reads_unrelaxed_rank_001_alphafold2_ptm_model_1_seed_000
PonAbe__CDY_isoform_1__TCCCGCTCGTGTCGGCCCGAGGGCTCCATAAGGCACGTGAGTCGTAACAGACGATACGGCGCGGGCAGAGCCGGTTCGATTTGAGGGCGTTATACTGGCGCAGTACGGCCCCATAG__34_reads_unrelaxed_rank_001_alphafold2_ptm_model_1_seed_000	PanPan__CDY_isoform_2__TT__1493_reads_unrelaxed_rank_001_alphafold2_ptm_model_1_seed_000
PonAbe__CDY_isoform_1__TCCCGCTCGTGTCGGCCCGAGGGCTCCATAAGGCACGTGAGTCGTAACAGACGATACGGCGCGGGCAGAGCCGGTTCGATTTGAGGGCGTTATACTGGCGCAGTACGGCCCCATAG__34_reads_unrelaxed_rank_001_alphafold2_ptm_model_1_seed_000	PanTro__CDY_isoform_2__GCCAAAACCG__338_reads_unrelaxed_rank_001_alphafold2_ptm_model_1_seed_000
PonAbe__CDY_isoform_1__TCCCGCTCGTGTCGGCCCGAGGGCTCCATAAGGCACGTGAGTCGTAACAGACGATACGGCGCGGGCAGAGCCGGTTCGATTTGAGGGCGTTATACTGGCGCAGTACGGCCCCATAG__34_reads_unrelaxed_rank_001_alphafold2_ptm_model_1_seed_000	PanTro__CDY_isoform_2__GCCAAAACCT__58_reads_unrelaxed_rank_001_alphafold2_ptm_model_1_seed_000
PonAbe__CDY_isoform_1__TCCCGCTCGTGTCGGCCCGAGGGCTCCATAAGGCACGTGAGTCGTAACAGACGATACGGCGCGGGCAGAGCCGGTTCGATTTGAGGGCGTTATACTGGCGCAGTACGGCCCCATAG__34_reads_unrelaxed_rank_001_alphafold2_ptm_model_1_seed_000	PanTro__CDY_isoform_2__GCTAGGTCCT__112_reads_unrelaxed_rank_001_alphafold2_ptm_model_1_seed_000
PonAbe__CDY_isoform_1__TCCCGCTCGTGTCGGCCCGAGGGCTCCATAAGGCACGTGAGTCGTAACAGACGATACGGCGCGGGCAGAGCCGGTTCGATTTGAGGGCGTTATACTGGCGCAGTACGGCCCCATAG__34_reads_unrelaxed_rank_001_alphafold2_ptm_model_1_seed_000	PonAbe__CDY_isoform_1__CCCCGCTCGTGCCGGGTTGAGGACTCCTTCAGGCACGTAGGCCGTACCGGACGATACGGCGCAAGCAGAGCCGGTTCAATTTAAGGGCGTTATGCTGACGCAGTATGGCCCCATAG__6_reads_unrelaxed_rank_001_alphafold2_ptm_model_1_seed_000
PonAbe__CDY_isoform_1__TCCCGCTCGTGTCGGCCCGAGGGCTCCATAAGGCACGTGAGTCGTAACAGACGATACGGCGCGGGCAGAGCCGGTTCGATTTGAGGGCGTTATACTGGCGCAGTACGGCCCCATAG__34_reads_unrelaxed_rank_001_alphafold2_ptm_model_1_seed_000	PonAbe__CDY_isoform_1__CCCCGCTCGTGCCGGGTTGAGGACTCCTTCAGGCACGTAGGCCGTACCGGACGATACGGCGCGAGCAGAGCCGGTTCAATTTGAGGGCGTTACGCTGGCGCAGTACGGCCCCAGAG__7_reads_unrelaxed_rank_001_alphafold2_ptm_model_1_seed_000
PonAbe__CDY_isoform_1__TCCCGCTCGTGTCGGCCCGAGGGCTCCATAAGGCACGTGAGTCGTAACAGACGATACGGCGCGGGCAGAGCCGGTTCGATTTGAGGGCGTTATACTGGCGCAGTACGGCCCCATAG__34_reads_unrelaxed_rank_001_alphafold2_ptm_model_1_seed_000	PonAbe__CDY_isoform_1__CCCCGCTCGTGCCGGGTTGAGGACTCCTTCAGGCACGTAGGCCGTACCGGACGATACGGCGCGAGCAGAGCCGGTTCAATTTGAGGGCGTTATGCTAGCGCAGTATGGCCCCATAG__7_reads_unrelaxed_rank_001_alphafold2_ptm_model_1_seed_000
PonAbe__CDY_isoform_1__TCCCGCTCGTGTCGGCCCGAGGGCTCCATAAGGCACGTGAGTCGTAACAGACGATACGGCGCGGGCAGAGCCGGTTCGATTTGAGGGCGTTATACTGGCGCAGTACGGCCCCATAG__34_reads_unrelaxed_rank_001_alphafold2_ptm_model_1_seed_000	PonAbe__CDY_isoform_1__CCCTTCTCATGCCGGCTCGAGGGCTCTATAAGGCACGTGAGCCGTAACGGACGGTACGGCGCGAGCAGGGCCGGTTCGATTTGAGGGCGTTATACTGGCGCAGTACGGCCCCGTAG__13_reads_unrelaxed_rank_001_alphafold2_ptm_model_1_seed_000
PonAbe__CDY_isoform_1__TCCCGCTCGTGTCGGCCCGAGGGCTCCATAAGGCACGTGAGTCGTAACAGACGATACGGCGCGGGCAGAGCCGGTTCGATTTGAGGGCGTTATACTGGCGCAGTACGGCCCCATAG__34_reads_unrelaxed_rank_001_alphafold2_ptm_model_1_seed_000	PonPyg__CDY_isoform_1__CCCGGGCGTTATACTCCAGCACGGGCCGACCAACACGGGGTACGGC__14_reads_unrelaxed_rank_001_alphafold2_ptm_model_1_seed_000
PonAbe__CDY_isoform_1__TCCCGCTCGTGTCGGCCCGAGGGCTCCATAAGGCACGTGAGTCGTAACAGACGATACGGCGCGGGCAGAGCCGGTTCGATTTGAGGGCGTTATACTGGCGCAGTACGGCCCCATAG__34_reads_unrelaxed_rank_001_alphafold2_ptm_model_1_seed_000	PonPyg__CDY_isoform_1__CCTTAGCCTCGAGTAACGACAAGGATCGACCGGCGCGGGATATGGC__7_reads_unrelaxed_rank_001_alphafold2_ptm_model_1_seed_000
PonAbe__CDY_isoform_1__TCCCGCTCGTGTCGGCCCGAGGGCTCCATAAGGCACGTGAGTCGTAACAGACGATACGGCGCGGGCAGAGCCGGTTCGATTTGAGGGCGTTATACTGGCGCAGTACGGCCCCATAG__34_reads_unrelaxed_rank_001_alphafold2_ptm_model_1_seed_000	PonPyg__CDY_isoform_1__CCTTATCCTCGTGTAACGACAAGGATCGACCGGCGCGGGATATGGC__7_reads_unrelaxed_rank_001_alphafold2_ptm_model_1_seed_000
PonAbe__CDY_isoform_1__TCCCGCTCGTGTCGGCCCGAGGGCTCCATAAGGCACGTGAGTCGTAACAGACGATACGGCGCGGGCAGAGCCGGTTCGATTTGAGGGCGTTATACTGGCGCAGTACGGCCCCATAG__34_reads_unrelaxed_rank_001_alphafold2_ptm_model_1_seed_000	PonPyg__CDY_isoform_1__TCCGGGTCCCGTACAACGATAAAGGCCAGCTAACGCGGGATATGGC__7_reads_unrelaxed_rank_001_alphafold2_ptm_model_1_seed_000
PonAbe__CDY_isoform_1__TCCCGCTCGTGTCGGCCCGAGGGCTCCATAAGGCACGTGAGTCGTAACAGACGATACGGCGCGGGCAGAGCCGGTTCGATTTGAGGGCGTTATACTGGCGCAGTACGGCCCCATAG__34_reads_unrelaxed_rank_001_alphafold2_ptm_model_1_seed_000	PonPyg__CDY_isoform_1__TCCGGGTCCCGTACAATGATAAAGGCCAGCTAACGCGGGATATGGC__11_reads_unrelaxed_rank_001_alphafold2_ptm_model_1_seed_000
