GorGor__CDY_isoform_2__CCGAAGACCGTA__53_reads	
GorGor__CDY_isoform_2__TCTGGAGTCGTG__72_reads	
GorGor__CDY_isoform_2__CCGAGGACCGTG__50_reads	
GorGor__CDY_isoform_2__CTGAGGGCTATG__46_reads	
GorGor__CDY_isoform_2__CCGAAGAC....__7_reads	
GorGor__CDY_isoform_2__CTGAGGACCGTG__6_reads	
HomSap__CDY_isoform_2__TTCCAGGTGGGCCG__145_reads	
HomSap__CDY_isoform_2__GCTCGAAGAAAGAC__376_reads	
HomSap__CDY_isoform_2__TTCC..........__18_reads	
HomSap__CDY_isoform_2__GCTCGAAGAAAGA.__15_reads	
PanPan__CDY_isoform_2__TT__1493_reads	
PanTro__CDY_isoform_2__GCCAAAACCG__338_reads	PanTro__CDY_isoform_2__GCCAGAACCG__185_reads|PanTro__CDY_isoform_2__GCTAAAACCG__29_reads|PanTro__CDY_isoform_2__GCTAGATCCT__152_reads|PanTro__CDY_isoform_2__GCCAGAACCT__52_reads
PanTro__CDY_isoform_2__GCTAGGTCCT__112_reads	
PanTro__CDY_isoform_2__GCCAAAACCT__58_reads	
PonAbe__CDY_isoform_1__CCCCGCTCGTGCCGGGTTGAGGACTCCTTCAGGCACGTAGGCCGTACCGGACGATACGGCGCAAGCAGAGCCGGTTCAATTTAAGGGCGTTATGCTGACGCAGTATGGCCCCATAG__6_reads	
PonAbe__CDY_isoform_1__CCCCGCTCGTGCCGGGTTGAGGACTCCTTCAGGCACGTAGGCCGTACCGGACGATACGGCGCGAGCAGAGCCGGTTCAATTTGAGGGCGTTATGCTAGCGCAGTATGGCCCCATAG__7_reads	
PonAbe__CDY_isoform_1__CCCCGCTCGTGCCGGGTTGAGGACTCCTTCAGGCACGTAGGCCGTACCGGACGATACGGCGCGAGCAGAGCCGGTTCAATTTGAGGGCGTTACGCTGGCGCAGTACGGCCCCAGAG__7_reads	PonPyg__CDY_isoform_1__CCCGGGCGTTATACTCCAGCACGGGCCGACCAATACGGGGTATGGC__9_reads
PonAbe__CDY_isoform_1__TCCCGCTCGTGTCGGCCCGAGGGCTCCATAAGGCACGTGAGTCGTAACAGACGATACGGCGCGGGCAGAGCCGGTTCGATTTGAGGGCGTTATACTGGCGCAGTACGGCCCCATAG__34_reads	PonAbe__CDY_isoform_1__TCCCACTCGTGTCGGCCCGAGGGCTCCATAAGGCACGTGAGTCGTAACAGACGATACGGCGCGGACAGAGCCGGTTCGATTTGAGGGCGTTATACTGGCGCAGTACGGCCCCATAG__10_reads|PonAbe__CDY_isoform_1__TCCCGCTCGTGTCGGCCCGAGGGCTCCATAAGGCACGTGAGTCGTAACAGACGATACGGCGCGGGCAGAGCCGGTTCGATTTGAGGGCGTTATACTGGCGCAGTACGGCCCCATA.__5_reads|PonPyg__CDY_isoform_1__TCCGGGTCCCGTACAACGATAAAGGCCGGCCAACGCGGGATATGGC__20_reads
PonAbe__CDY_isoform_1__CCCTTCTCATGCCGGCTCGAGGGCTCTATAAGGCACGTGAGCCGTAACGGACGGTACGGCGCGAGCAGGGCCGGTTCGATTTGAGGGCGTTATACTGGCGCAGTACGGCCCCGTAG__13_reads	
PonPyg__CDY_isoform_1__CCTTATCCTCGTGTAACGACAAGGATCGACCGGCGCGGGATATGGC__7_reads	
PonPyg__CDY_isoform_1__TCCGGGTCCCGTACAACGATAAAGGCCAGCTAACGCGGGATATGGC__7_reads	
PonPyg__CDY_isoform_1__TCCGGGTCCCGTACAATGATAAAGGCCAGCTAACGCGGGATATGGC__11_reads	
PonPyg__CDY_isoform_1__CCCGGGCGTTATACTCCAGCACGGGCCGACCAACACGGGGTACGGC__14_reads	
PonPyg__CDY_isoform_1__CCTTAGCCTCGAGTAACGACAAGGATCGACCGGCGCGGGATATGGC__7_reads	
